order_id,customer_id,product_id,order_timestamp
O0001,C0016,P0020,2026-04-14 01:13:20
O0002,C0086,P0005,2026-04-23 01:13:20
O0003,C0083,P0017,2026-04-25 01:13:20
O0004,C0007,P0023,2026-04-14 01:13:20
O0005,C0098,P0015,2026-04-16 01:13:20
O0006,C0088,P0013,2026-04-13 01:13:20
O0007,C0038,P0007,2026-05-01 01:13:20
O0008,C0001,P0012,2026-04-09 01:13:20
O0009,C0057,P0011,2026-05-01 01:13:20
O0010,C0005,P0018,2026-04-18 01:13:20
O0011,C0024,P0013,2026-04-05 01:13:20
O0012,C0019,P0009,2026-04-21 01:13:20
O0013,C0001,P0023,2026-04-08 01:13:20
O0014,C0064,P0013,2026-04-16 01:13:20
O0015,C0014,P0021,2026-04-20 01:13:20
O0016,C0015,P0027,2026-04-29 01:13:20
O0017,C0086,P0005,2026-04-20 01:13:20
O0018,C0092,P0030,2026-04-14 01:13:20
O0019,C0096,P0022,2026-04-25 01:13:20
O0020,C0078,P0003,2026-04-07 01:13:20
O0021,C0044,P0017,2026-04-30 01:13:20
O0022,C0006,P0004,2026-04-15 01:13:20
O0023,C0077,P0005,2026-04-27 01:13:20
O0024,C0007,P0011,2026-04-18 01:13:20
O0025,C0025,P0016,2026-04-30 01:13:20
O0026,C0036,P0013,2026-04-25 01:13:20
O0027,C0003,P0011,2026-04-11 01:13:20
O0028,C0020,P0010,2026-04-18 01:13:20
O0029,C0054,P0020,2026-04-15 01:13:20
O0030,C0016,P0028,2026-04-29 01:13:20
O0031,C0046,P0015,2026-04-18 01:13:20
O0032,C0073,P0003,2026-04-29 01:13:20
O0033,C0007,P0011,2026-04-27 01:13:20
O0034,C0050,P0019,2026-04-10 01:13:20
O0035,C0003,P0021,2026-04-16 01:13:20
O0036,C0045,P0019,2026-04-21 01:13:20
O0037,C0092,P0026,2026-04-11 01:13:20
O0038,C0004,P0005,2026-04-30 01:13:20
O0039,C0089,P0005,2026-04-24 01:13:20
O0040,C0014,P0008,2026-04-27 01:13:20
O0041,C0040,P0019,2026-04-13 01:13:20
O0042,C0096,P0013,2026-04-16 01:13:20
O0043,C0080,P0025,2026-04-28 01:13:20
O0044,C0086,P0020,2026-04-27 01:13:20
O0045,C0099,P0002,2026-04-05 01:13:20
O0046,C0096,P0010,2026-04-12 01:13:20
O0047,C0038,P0004,2026-04-10 01:13:20
O0048,C0083,P0026,2026-04-12 01:13:20
O0049,C0005,P0001,2026-04-06 01:13:20
O0050,C0051,P0030,2026-04-19 01:13:20
O0051,C0069,P0005,2026-04-05 01:13:20
O0052,C0012,P0030,2026-04-28 01:13:20
O0053,C0024,P0018,2026-04-12 01:13:20
O0054,C0072,P0004,2026-05-03 01:13:20
O0055,C0002,P0005,2026-04-20 01:13:20
O0056,C0001,P0001,2026-04-24 01:13:20
O0057,C0064,P0004,2026-04-18 01:13:20
O0058,C0099,P0020,2026-04-08 01:13:20
O0059,C0081,P0011,2026-04-14 01:13:20
O0060,C0048,P0001,2026-04-27 01:13:20
O0061,C0088,P0028,2026-04-18 01:13:20
O0062,C0046,P0005,2026-04-12 01:13:20
O0063,C0081,P0021,2026-04-07 01:13:20
O0064,C0026,P0018,2026-04-08 01:13:20
O0065,C0076,P0030,2026-04-26 01:13:20
O0066,C0070,P0005,2026-04-16 01:13:20
O0067,C0074,P0019,2026-04-29 01:13:20
O0068,C0095,P0018,2026-04-06 01:13:20
O0069,C0056,P0017,2026-04-04 01:13:20
O0070,C0019,P0009,2026-04-21 01:13:20
O0071,C0081,P0028,2026-04-07 01:13:20
O0072,C0003,P0013,2026-04-19 01:13:20
O0073,C0007,P0003,2026-04-08 01:13:20
O0074,C0061,P0012,2026-04-22 01:13:20
O0075,C0026,P0014,2026-04-14 01:13:20
O0076,C0022,P0025,2026-04-25 01:13:20
O0077,C0013,P0013,2026-04-29 01:13:20
O0078,C0073,P0009,2026-04-24 01:13:20
O0079,C0002,P0020,2026-04-06 01:13:20
O0080,C0036,P0025,2026-04-30 01:13:20
O0081,C0088,P0011,2026-04-21 01:13:20
O0082,C0088,P0009,2026-04-29 01:13:20
O0083,C0090,P0020,2026-04-07 01:13:20
O0084,C0034,P0011,2026-04-09 01:13:20
O0085,C0060,P0017,2026-04-18 01:13:20
O0086,C0060,P0016,2026-04-11 01:13:20
O0087,C0073,P0024,2026-04-20 01:13:20
O0088,C0014,P0001,2026-04-28 01:13:20
O0089,C0075,P0004,2026-04-04 01:13:20
O0090,C0082,P0015,2026-04-20 01:13:20
O0091,C0080,P0007,2026-04-13 01:13:20
O0092,C0040,P0001,2026-04-22 01:13:20
O0093,C0053,P0001,2026-04-20 01:13:20
O0094,C0091,P0024,2026-05-02 01:13:20
O0095,C0005,P0008,2026-04-29 01:13:20
O0096,C0092,P0015,2026-04-18 01:13:20
O0097,C0052,P0006,2026-04-30 01:13:20
O0098,C0006,P0001,2026-04-24 01:13:20
O0099,C0016,P0025,2026-04-22 01:13:20
O0100,C0061,P0017,2026-04-20 01:13:20
O0101,C0048,P0014,2026-04-28 01:13:20
O0102,C0093,P0024,2026-04-18 01:13:20
O0103,C0057,P0005,2026-04-07 01:13:20
O0104,C0075,P0024,2026-04-27 01:13:20
O0105,C0061,P0011,2026-05-01 01:13:20
O0106,C0082,P0009,2026-04-24 01:13:20
O0107,C0005,P0012,2026-05-01 01:13:20
O0108,C0030,P0008,2026-05-02 01:13:20
O0109,C0042,P0011,2026-04-17 01:13:20
O0110,C0090,P0006,2026-04-13 01:13:20
O0111,C0016,P0017,2026-04-22 01:13:20
O0112,C0022,P0004,2026-04-10 01:13:20
O0113,C0091,P0007,2026-04-12 01:13:20
O0114,C0002,P0029,2026-04-11 01:13:20
O0115,C0054,P0026,2026-04-27 01:13:20
O0116,C0090,P0005,2026-04-30 01:13:20
O0117,C0011,P0028,2026-04-13 01:13:20
O0118,C0035,P0010,2026-04-12 01:13:20
O0119,C0085,P0017,2026-04-16 01:13:20
O0120,C0079,P0020,2026-04-08 01:13:20
O0121,C0006,P0006,2026-05-02 01:13:20
O0122,C0045,P0004,2026-04-18 01:13:20
O0123,C0018,P0022,2026-04-12 01:13:20
O0124,C0051,P0005,2026-05-02 01:13:20
O0125,C0098,P0012,2026-04-04 01:13:20
O0126,C0006,P0009,2026-04-13 01:13:20
O0127,C0079,P0026,2026-04-17 01:13:20
O0128,C0019,P0006,2026-05-02 01:13:20
O0129,C0095,P0019,2026-04-24 01:13:20
O0130,C0029,P0016,2026-04-05 01:13:20
O0131,C0010,P0029,2026-04-13 01:13:20
O0132,C0058,P0006,2026-04-22 01:13:20
O0133,C0047,P0008,2026-04-12 01:13:20
O0134,C0002,P0030,2026-04-21 01:13:20
O0135,C0066,P0021,2026-04-20 01:13:20
O0136,C0071,P0028,2026-04-17 01:13:20
O0137,C0064,P0007,2026-04-04 01:13:20
O0138,C0022,P0020,2026-04-11 01:13:20
O0139,C0089,P0025,2026-04-10 01:13:20
O0140,C0095,P0026,2026-04-28 01:13:20
O0141,C0010,P0022,2026-04-19 01:13:20
O0142,C0100,P0030,2026-05-02 01:13:20
O0143,C0091,P0006,2026-04-08 01:13:20
O0144,C0092,P0010,2026-04-18 01:13:20
O0145,C0064,P0003,2026-04-16 01:13:20
O0146,C0065,P0003,2026-04-14 01:13:20
O0147,C0072,P0012,2026-04-30 01:13:20
O0148,C0052,P0018,2026-04-12 01:13:20
O0149,C0090,P0013,2026-04-07 01:13:20
O0150,C0014,P0030,2026-04-19 01:13:20
O0151,C0070,P0022,2026-04-20 01:13:20
O0152,C0056,P0009,2026-04-22 01:13:20
O0153,C0005,P0023,2026-04-04 01:13:20
O0154,C0009,P0018,2026-04-06 01:13:20
O0155,C0057,P0008,2026-04-27 01:13:20
O0156,C0091,P0010,2026-04-15 01:13:20
O0157,C0061,P0026,2026-04-19 01:13:20
O0158,C0045,P0024,2026-04-28 01:13:20
O0159,C0098,P0011,2026-04-04 01:13:20
O0160,C0008,P0025,2026-04-26 01:13:20
O0161,C0040,P0027,2026-04-26 01:13:20
O0162,C0079,P0006,2026-05-02 01:13:20
O0163,C0088,P0001,2026-04-23 01:13:20
O0164,C0047,P0004,2026-04-25 01:13:20
O0165,C0052,P0004,2026-04-19 01:13:20
O0166,C0059,P0011,2026-04-04 01:13:20
O0167,C0013,P0019,2026-04-18 01:13:20
O0168,C0001,P0016,2026-04-26 01:13:20
O0169,C0055,P0005,2026-04-28 01:13:20
O0170,C0085,P0026,2026-04-15 01:13:20
O0171,C0039,P0021,2026-04-29 01:13:20
O0172,C0022,P0009,2026-04-16 01:13:20
O0173,C0044,P0004,2026-04-17 01:13:20
O0174,C0001,P0021,2026-04-24 01:13:20
O0175,C0100,P0027,2026-04-26 01:13:20
O0176,C0010,P0022,2026-05-01 01:13:20
O0177,C0068,P0007,2026-04-27 01:13:20
O0178,C0026,P0025,2026-04-05 01:13:20
O0179,C0039,P0003,2026-05-02 01:13:20
O0180,C0014,P0010,2026-04-15 01:13:20
O0181,C0012,P0002,2026-05-01 01:13:20
O0182,C0061,P0005,2026-05-02 01:13:20
O0183,C0014,P0005,2026-04-10 01:13:20
O0184,C0061,P0022,2026-04-22 01:13:20
O0185,C0061,P0010,2026-04-24 01:13:20
O0186,C0063,P0010,2026-04-06 01:13:20
O0187,C0036,P0012,2026-04-24 01:13:20
O0188,C0020,P0012,2026-05-01 01:13:20
O0189,C0061,P0022,2026-04-04 01:13:20
O0190,C0081,P0020,2026-04-28 01:13:20
O0191,C0072,P0023,2026-04-05 01:13:20
O0192,C0045,P0008,2026-04-17 01:13:20
O0193,C0071,P0028,2026-04-27 01:13:20
O0194,C0069,P0017,2026-04-30 01:13:20
O0195,C0041,P0013,2026-04-23 01:13:20
O0196,C0030,P0028,2026-05-03 01:13:20
O0197,C0074,P0019,2026-04-13 01:13:20
O0198,C0080,P0025,2026-04-07 01:13:20
O0199,C0098,P0019,2026-04-12 01:13:20
O0200,C0056,P0022,2026-04-24 01:13:20
O0201,C0032,P0012,2026-04-11 01:13:20
O0202,C0008,P0026,2026-04-19 01:13:20
O0203,C0045,P0013,2026-04-28 01:13:20
O0204,C0028,P0016,2026-04-11 01:13:20
O0205,C0069,P0012,2026-04-07 01:13:20
O0206,C0011,P0027,2026-04-04 01:13:20
O0207,C0059,P0011,2026-05-03 01:13:20
O0208,C0033,P0011,2026-04-29 01:13:20
O0209,C0010,P0006,2026-04-19 01:13:20
O0210,C0017,P0004,2026-04-08 01:13:20
O0211,C0087,P0027,2026-04-05 01:13:20
O0212,C0018,P0001,2026-04-14 01:13:20
O0213,C0068,P0030,2026-04-04 01:13:20
O0214,C0002,P0005,2026-04-18 01:13:20
O0215,C0012,P0021,2026-04-30 01:13:20
O0216,C0014,P0008,2026-04-21 01:13:20
O0217,C0077,P0018,2026-04-07 01:13:20
O0218,C0009,P0022,2026-04-25 01:13:20
O0219,C0010,P0007,2026-05-03 01:13:20
O0220,C0012,P0022,2026-04-19 01:13:20
O0221,C0004,P0019,2026-04-10 01:13:20
O0222,C0088,P0022,2026-04-26 01:13:20
O0223,C0029,P0014,2026-04-26 01:13:20
O0224,C0035,P0001,2026-04-20 01:13:20
O0225,C0083,P0003,2026-04-30 01:13:20
O0226,C0069,P0016,2026-04-12 01:13:20
O0227,C0057,P0016,2026-04-12 01:13:20
O0228,C0075,P0011,2026-04-12 01:13:20
O0229,C0063,P0024,2026-04-28 01:13:20
O0230,C0016,P0023,2026-04-21 01:13:20
O0231,C0092,P0013,2026-05-01 01:13:20
O0232,C0041,P0018,2026-05-01 01:13:20
O0233,C0071,P0004,2026-04-23 01:13:20
O0234,C0029,P0024,2026-04-12 01:13:20
O0235,C0095,P0023,2026-04-08 01:13:20
O0236,C0028,P0009,2026-04-04 01:13:20
O0237,C0043,P0009,2026-04-28 01:13:20
O0238,C0069,P0014,2026-04-11 01:13:20
O0239,C0031,P0016,2026-04-17 01:13:20
O0240,C0085,P0025,2026-04-05 01:13:20
O0241,C0049,P0006,2026-04-23 01:13:20
O0242,C0084,P0011,2026-04-15 01:13:20
O0243,C0089,P0003,2026-04-16 01:13:20
O0244,C0020,P0024,2026-04-12 01:13:20
O0245,C0002,P0020,2026-04-19 01:13:20
O0246,C0048,P0030,2026-04-12 01:13:20
O0247,C0023,P0026,2026-04-07 01:13:20
O0248,C0062,P0002,2026-05-01 01:13:20
O0249,C0100,P0002,2026-04-15 01:13:20
O0250,C0094,P0006,2026-04-29 01:13:20
O0251,C0043,P0010,2026-05-02 01:13:20
O0252,C0044,P0011,2026-04-08 01:13:20
O0253,C0089,P0011,2026-05-02 01:13:20
O0254,C0059,P0006,2026-05-01 01:13:20
O0255,C0063,P0023,2026-04-20 01:13:20
O0256,C0059,P0011,2026-04-19 01:13:20
O0257,C0009,P0011,2026-04-14 01:13:20
O0258,C0018,P0017,2026-04-09 01:13:20
O0259,C0098,P0021,2026-04-13 01:13:20
O0260,C0040,P0027,2026-04-19 01:13:20
O0261,C0064,P0015,2026-04-16 01:13:20
O0262,C0022,P0015,2026-05-01 01:13:20
O0263,C0011,P0008,2026-04-15 01:13:20
O0264,C0060,P0001,2026-04-21 01:13:20
O0265,C0066,P0025,2026-04-15 01:13:20
O0266,C0100,P0003,2026-04-22 01:13:20
O0267,C0003,P0013,2026-04-16 01:13:20
O0268,C0086,P0030,2026-04-19 01:13:20
O0269,C0048,P0004,2026-05-03 01:13:20
O0270,C0058,P0021,2026-04-13 01:13:20
O0271,C0037,P0010,2026-04-11 01:13:20
O0272,C0091,P0027,2026-04-12 01:13:20
O0273,C0029,P0029,2026-05-02 01:13:20
O0274,C0086,P0021,2026-04-18 01:13:20
O0275,C0036,P0016,2026-04-28 01:13:20
O0276,C0095,P0023,2026-04-25 01:13:20
O0277,C0100,P0018,2026-04-26 01:13:20
O0278,C0004,P0012,2026-04-11 01:13:20
O0279,C0087,P0010,2026-04-06 01:13:20
O0280,C0016,P0007,2026-04-21 01:13:20
O0281,C0092,P0029,2026-04-13 01:13:20
O0282,C0047,P0029,2026-05-01 01:13:20
O0283,C0019,P0021,2026-04-30 01:13:20
O0284,C0086,P0016,2026-04-22 01:13:20
O0285,C0048,P0011,2026-04-07 01:13:20
O0286,C0079,P0008,2026-04-20 01:13:20
O0287,C0014,P0014,2026-04-26 01:13:20
O0288,C0038,P0001,2026-04-14 01:13:20
O0289,C0054,P0012,2026-04-10 01:13:20
O0290,C0001,P0025,2026-04-14 01:13:20
O0291,C0019,P0016,2026-04-29 01:13:20
O0292,C0059,P0027,2026-04-09 01:13:20
O0293,C0020,P0007,2026-05-01 01:13:20
O0294,C0089,P0007,2026-04-16 01:13:20
O0295,C0038,P0015,2026-04-17 01:13:20
O0296,C0027,P0020,2026-04-24 01:13:20
O0297,C0050,P0011,2026-04-26 01:13:20
O0298,C0079,P0021,2026-04-06 01:13:20
O0299,C0042,P0023,2026-04-10 01:13:20
O0300,C0066,P0020,2026-04-23 01:13:20
